{
    "users": [
        {
            "id": 1,
            "code": "f2301y0g3",
            "name": "Franco",
            "last_name": "Olivares",
            "image": "https://images.pexels.com/photos/91224/pexels-photo-91224.jpeg?auto=compress&cs=tinysrgb&w=1260&h=750&dpr=1",
            "email": "fernanda.reyes@example.com",
            "type": "asesor",
            "videogame": "Valorant",
            "experience": 5
        },
        {
            "id": 2,
            "code": "uhklal433",
            "name": "Maria",
            "last_name": "Perez",
            "image": "https://images.pexels.com/photos/733872/pexels-photo-733872.jpeg?auto=compress&cs=tinysrgb&w=1260&h=750&dpr=1",
            "email": "maria.perez@example.com",
            "type": "consultant",
            "videogame": "Dota 2",
            "experience": 4
        },
        {
            "id": 3,
            "code": "r2s5t7u8i",
            "name": "Alejandro",
            "last_name": "Ramirez",
            "image": "https://images.pexels.com/photos/937481/pexels-photo-937481.jpeg?auto=compress&cs=tinysrgb&w=1260&h=750&dpr=1",
            "email": "alejandro.ramirez@example.com",
            "type": "streamer",
            "videogame": "Call of Duty",
            "experience": 4
        },
        {
            "id": 4,
            "code": "q3j1l9q8e",
            "name": "Sofia",
            "last_name": "Gutierrez",
            "image": "https://images.pexels.com/photos/415829/pexels-photo-415829.jpeg?auto=compress&cs=tinysrgb&w=1260&h=750&dpr=1",
            "email": "sofia.gutierrez@example.com",
            "type": "analyst",
            "videogame": "Fortnite",
            "experience": 3
        },
        {
            "id": 5,
            "code": "k0o9c8e7y",
            "name": "Carlos",
            "last_name": "Garcia",
            "image": "https://images.pexels.com/photos/936119/pexels-photo-936119.jpeg?auto=compress&cs=tinysrgb&w=1260&h=750&dpr=1",
            "email": "carlos.garcia@example.com",
            "type": "designer",
            "videogame": "Minecraft",
            "experience": 7
        },
        {
            "id": 6,
            "code": "b8t4v6m3u",
            "name": "Isabella",
            "last_name": "Ruiz",
            "image": "https://images.pexels.com/photos/774095/pexels-photo-774095.jpeg?auto=compress&cs=tinysrgb&w=1260&h=750&dpr=1",
            "email": "isabella.ruiz@example.com",
            "type": "strategist",
            "videogame": "League of Legends",
            "experience": 5
        },
        {
            "id": 7,
            "code": "n1u6h5a2r",
            "name": "Miguel",
            "last_name": "Ortega",
            "image": "https://images.pexels.com/photos/1438275/pexels-photo-1438275.jpeg?auto=compress&cs=tinysrgb&w=1260&h=750&dpr=1",
            "email": "miguel.ortega@example.com",
            "type": "coach",
            "videogame": "Apex Legends",
            "experience": 4
        },
        {
            "id": 8,
            "code": "f3g6h1j8k",
            "name": "Andrea",
            "last_name": "Gonzalez",
            "image": "https://images.pexels.com/photos/1239291/pexels-photo-1239291.jpeg?auto=compress&cs=tinysrgb&w=1260&h=750&dpr=1",
            "email": "andrea.gonzalez@example.com",
            "type": "content_creator",
            "videogame": "Among Us",
            "experience": 3
        },
        {
            "id": 9,
            "code": "m5n2b9v0c",
            "name": "Diego",
            "last_name": "Morales",
            "image": "https://images.pexels.com/photos/91227/pexels-photo-91227.jpeg?auto=compress&cs=tinysrgb&w=1260&h=750&dpr=1",
            "email": "diego.morales@example.com",
            "type": "community_manager",
            "videogame": "Genshin Impact",
            "experience": 5
        },
        {
            "id": 10,
            "code": "l8m0n1p9q",
            "name": "Carmen",
            "last_name": "Rojas",
            "image": "https://images.pexels.com/photos/1181693/pexels-photo-1181693.jpeg?auto=compress&cs=tinysrgb&w=1260&h=750&dpr=1",
            "email": "carmen.rojas@example.com",
            "type": "social_media_specialist",
            "videogame": "FIFA",
            "experience": 5
        }
    ],
    "coaches": [
        {
            "id": 100,
            "code": "f230fh0g3",
            "name": "Frank",
            "last_name": "Ramirez",
            "description": "Self confidence is the key.",
            "image": "https://images.pexels.com/photos/220453/pexels-photo-220453.jpeg?auto=compress&cs=tinysrgb&w=1260&h=750&dpr=1",
            "price": 65,
            "category": "Valorant",
            "inventoryStatus": "YOUR COACH ",
            "rating": 5.0
        },
        {
            "id": 101,
            "code": "nvklal433",
            "name": "Luis",
            "last_name": "Perez",
            "description": "Practice makes a Inmortal.",
            "image": "https://images.pexels.com/photos/1559486/pexels-photo-1559486.jpeg?auto=compress&cs=tinysrgb&w=1260&h=750&dpr=1",
            "price": 72,
            "category": "Valorant",
            "inventoryStatus": "NOT AVAILABLE",
            "rating": 4.5
        },
        {
            "id": 102,
            "code": "x9a82b1c5",
            "name": "Sophia",
            "last_name": "Gutierrez",
            "description": "Persistence leads to victory.",
            "image": "https://images.pexels.com/photos/415829/pexels-photo-415829.jpeg?auto=compress&cs=tinysrgb&w=1260&h=750&dpr=1",
            "price": 60,
            "category": "Valorant",
            "inventoryStatus": "AVAILABLE",
            "rating": 4.7
        },
        {
            "id": 103,
            "code": "p5o8c7e4y",
            "name": "Juan",
            "last_name": "Martinez",
            "description": "Adapt and conquer.",
            "image": "https://images.pexels.com/photos/936119/pexels-photo-936119.jpeg?auto=compress&cs=tinysrgb&w=1260&h=750&dpr=1",
            "price": 55,
            "category": "Valorant",
            "inventoryStatus": "YOUR COACH ",
            "rating": 4.6
        },
        {
            "id": 104,
            "code": "b2t4v6m3r",
            "name": "Isabella",
            "last_name": "Ruiz",
            "description": "Consistency is key.",
            "image": "https://images.pexels.com/photos/774095/pexels-photo-774095.jpeg?auto=compress&cs=tinysrgb&w=1260&h=750&dpr=1",
            "price": 70,
            "category": "Valorant",
            "inventoryStatus": "NOT AVAILABLE",
            "rating": 4.8
        },
        {
            "id": 105,
            "code": "n1u6h5a2s",
            "name": "Manuel",
            "last_name": "Ortega",
            "description": "Develop a winning mindset.",
            "image": "https://images.pexels.com/photos/1438275/pexels-photo-1438275.jpeg?auto=compress&cs=tinysrgb&w=1260&h=750&dpr=1",
            "price": 58,
            "category": "Valorant",
            "inventoryStatus": "AVAILABLE",
            "rating": 4.2
        },
        {
            "id": 106,
            "code": "q3w6r1y8t",
            "name": "Natalia",
            "last_name": "Santos",
            "description": "Strive for excellence.",
            "image": "https://images.pexels.com/photos/775358/pexels-photo-775358.jpeg?auto=compress&cs=tinysrgb&w=1260&h=750&dpr=1",
            "price": 67,
            "category": "Valorant",
            "inventoryStatus": "YOUR COACH ",
            "rating": 4.9
        },
        {
            "id": 107,
            "code": "s7f1g8h9i",
            "name": "David",
            "last_name": "Lopez",
            "description": "Mastery comes with dedication.",
            "image": "https://images.pexels.com/photos/1937919/pexels-photo-1937919.jpeg?auto=compress&cs=tinysrgb&w=1260&h=750&dpr=1",
            "price": 63,
            "category": "Valorant",
            "inventoryStatus": "NOT AVAILABLE",
            "rating": 4.4
        },
        {
            "id": 108,
            "code": "j4k1l8m2n",
            "name": "Camila",
            "last_name": "Diaz",
            "description": "Embrace the grind.",
            "image": "https://images.pexels.com/photos/291762/pexels-photo-291762.jpeg?auto=compress&cs=tinysrgb&w=1260&h=750&dpr=1",
            "price": 56,
            "category": "Valorant",
            "inventoryStatus": "AVAILABLE",
            "rating": 4.3
        },
        {
            "id": 109,
            "code": "o6p2q5r7s",
            "name": "Carlos",
            "last_name": "Garcia",
            "description": "Never give up, never surrender.",
            "image": "https://images.pexels.com/photos/1121799/pexels-photo-1121799.jpeg?auto=compress&cs=tinysrgb&w=1260&h=750&dpr=1",
            "price": 61,
            "category": "Valorant",
            "inventoryStatus": "YOUR COACH ",
            "rating": 4.1
        },
        {
            "id": 110,
            "code": "v5x6c9z1b",
            "name": "Daniela",
            "last_name": "Torres",
            "description": "Calm under pressure.",
            "image": "https://images.pexels.com/photos/756453/pexels-photo-756453.jpeg?auto=compress&cs=tinysrgb&w=1260&h=750&dpr=1",
            "price": 64,
            "category": "Valorant",
            "inventoryStatus": "AVAILABLE",
            "rating": 4.0
        }
    ],
    "publications": [
        {
            "id": 1,
            "username": "Franco Olivares",
            "time": "4 hours ago",
            "description": "Verified! Radiant Entertainment System has arrived at VALORANT and with them also the Payment by Installments! Don't stay out of #ClubRES and get your favorite retro weapons with this new payment system",
            "urlLogo": "https://encrypted-tbn0.gstatic.com/images?q=tbn:ANd9GcRGcW4Y54qqSMtyO3StoQNZHxAn9Zhb9l8iMg&usqp=CAU",
            "urlImage": "https://esports.as.com/2020/06/04/valorant/grupos-Twitch-Rivals-Valorant_1361283862_403051_1440x600.jpg",
            "comments": [
                {
                    "username": "Alvaro Tirado",
                    "comment": "I think this will be crazy"
                },
                {
                    "username": "Kevin Quintana",
                    "comment": "Oh god this guys don't know what to do to improve the game"
                }
            ]
        },
        {
            "id": 101,
            "username": "Luis Perez",
            "time": "10 hours ago",
            "description": "Agent, it is now time to choose the title that matches your playstyle! Reply to this tweet with the #keyword corresponding to the title you wish to see on your customized banner",
            "urlLogo": "https://marketplace.canva.com/EAFIMWneVK0/1/0/1600w/canva-twitch-logo-gamer-anime-rosa-V1-oMKCGDW0.jpg",
            "urlImage": "https://pbs.twimg.com/media/EaU_9WvWkAMPszW.jpg",
            "comments": [
                {
                    "username": "Anthony Guerrero",
                    "comment": "Please show us more about this game"
                },
                {
                    "username": "Fabricio Valle",
                    "comment": "I am clearly believing that this will be a success."
                }
            ]
        }
    ]
}